geometry,Feature:string,Label:string,Diff Erosion:boolean,Septum:boolean,Too eroded:boolean,Superposition:boolean,Diff Depth:boolean,Second Look:boolean,Radial Ejecta Lobes:boolean
"LINESTRING (185.40201 -2.35158, 184.11501 -3.11477)",polyline,3-475,false,,,,,,
"LINESTRING (159.3699 16.94447, 160.39377 17.78042)",polyline,21-729,,,,,,,
"LINESTRING (302.43448 34.26874, 302.0191 33.48955)",polyline,24-544,,,,,,,
"LINESTRING (199.10519 8.49114, 198.34001 7.75342)",polyline,36-1031,,,,,,,
"LINESTRING (5.303710000000024 -24.79165, 6.195730000000026 -23.74127)",polyline,40-157,,,,,,,
"LINESTRING (209.8429 -9.81225, 209.97687 -10.49608)",polyline,42-1013,,,,,,,
"LINESTRING (124.33742000000001 37.18995, 124.17984999999999 37.60541)",polyline,46-970,,,,,,,
"LINESTRING (337.65756 -20.15163, 336.72943 -19.62826)",polyline,49-612,false,,,,,,
"LINESTRING (331.95477 -4.42169, 331.22214 -5.78357)",polyline,56-66,,,,,,,
"LINESTRING (209.43025 9.07425, 208.71182 10.09409)",polyline,70-722,,,,,,,
"LINESTRING (171.35239 10.57124, 170.46536 9.64547)",polyline,83-290,,true,,,,,
"LINESTRING (170.85464 -26.02763, 171.03598 -24.84281)",polyline,85-108,,,true,,,,
"LINESTRING (27.20490000000001 -30.45777, 27.336029999999994 -31.9468)",polyline,87-168,,,true,,,,
"LINESTRING (61.277420000000006 14.29697, 61.98773 13.14807)",polyline,101-212,,,true,,,,
"LINESTRING (351.05316 30.52917, 351.23315 30.21359)",polyline,103-1187,,,,true,,,
"LINESTRING (313.98816 -44.02668, 313.86194 -44.7414)",polyline,104-311,,,,true,,,
"LINESTRING (345.89142 36.69881, 344.36957 36.07227)",polyline,109-192,,true,,,,,
"LINESTRING (169.25002 31.83689, 168.22182 30.90465)",polyline,114-801,,,true,,,,
"LINESTRING (9.779080000000022 18.61825, 10.528999999999996 17.70248)",polyline,139-940,,,true,,,,
"LINESTRING (92.27882999999997 52.68605, 90.78466000000003 52.46371)",polyline,143-832,,,,true,,,
"LINESTRING (134.15297 -13.41659, 135.14001 -12.76851)",polyline,162-1327,,,true,,,,
"LINESTRING (75.45636999999999 46.27509, 76.46776999999997 45.29877)",polyline,166-985,true,,,,,,
"LINESTRING (161.72311 -13.11658, 160.57556 -13.31738)",polyline,167-1315,true,,,,true,,
"LINESTRING (260.77151 17.47554, 261.05667 16.32229)",polyline,170-930,true,,,,,,
"LINESTRING (260.77151 17.47554, 260.54504 18.42104)",polyline,170-938,,,true,,,,
"LINESTRING (29.01931000000002 24.60052, 29.880040000000008 24.82397)",polyline,171-550,,,true,,,,
"LINESTRING (305.82602 45.66689, 307.05698 45.76949)",polyline,178-297,,,true,,,,
"LINESTRING (248.53383 -4.76845, 248.98013 -4.02628)",polyline,183-525,,,true,,,,
"LINESTRING (304.89798 -28.11333, 305.57672 -26.9649)",polyline,184-190,,,true,,,,
"LINESTRING (22.473689999999976 -0.39134, 21.39163000000002 -0.30141)",polyline,191-1281,true,,,,,,
"LINESTRING (31.728970000000004 30.0986, 32.03005999999999 29.42511)",polyline,195-1254,,,,true,,,
"LINESTRING (87.74522999999999 46.81626, 88.30105000000003 48.07114)",polyline,197-228,,,true,,,,
"LINESTRING (265.17905 19.92318, 264.99213 19.38104)",polyline,199-1421,,,true,,,,
"LINESTRING (300.93027 14.94632, 300.07156 15.60994)",polyline,215-1334,,,true,,,,
"LINESTRING (204.23573 12.9253, 204.73268 13.59187)",polyline,258-764,,,true,,,,
"LINESTRING (191.97585 3.67035, 191.97495 2.6293)",polyline,275-469,,,,true,,,
"LINESTRING (215.72594 18.89954, 215.37964 18.1481)",polyline,294-1188,true,,,,,,
"LINESTRING (22.030770000000018 25.11964, 21.842809999999986 26.24121)",polyline,313-921,,,true,,,,
"LINESTRING (22.030770000000018 25.11964, 22.653149999999982 25.80467)",polyline,313-1675,,,true,,,,
"LINESTRING (136.44443 49.21796, 135.25711 48.72874)",polyline,330-1488,,,true,,,,
"LINESTRING (30.056840000000022 10.29189, 29.506250000000023 10.80317)",polyline,335-2038,true,,true,,,,
"LINESTRING (335.97021 42.42942, 336.16113 42.98044)",polyline,340-749,,,true,,,,
"LINESTRING (113.23773 36.23313, 112.85449 35.73771)",polyline,343-1088,,,true,,,,
"LINESTRING (347.18967 45.13869, 346.41306 44.49211)",polyline,361-1981,,,true,,,,
"LINESTRING (345.108 -16.67145, 345.92172 -17.22288)",polyline,362-675,,,true,,,,
"LINESTRING (166.83469 49.68791, 166.30621 49.86761)",polyline,364-1182,true,,,,,,
"LINESTRING (258.33469 26.87969, 258.19623 27.7724)",polyline,366-1575,,,true,,,,
"LINESTRING (317.96869 8.28793, 317.6174 9.19989)",polyline,372-1726,true,,,,,,
"LINESTRING (165.80901 23.21224, 166.34265 22.49147)",polyline,375-458,true,,,,,,
"LINESTRING (86.40980000000002 58.98599, 85.93475000000001 59.75828)",polyline,376-750,,,,true,,,
"LINESTRING (86.40980000000002 58.98599, 86.08659999999998 58.15554)",polyline,376-1825,,,,true,,true,
"LINESTRING (108.57555000000002 30.38394, 108.19864999999999 29.56702)",polyline,378-1361,,,true,,,,
"LINESTRING (71.40102000000002 9.78818, 71.68862000000001 9.15751)",polyline,380-1607,,,true,,,,
"LINESTRING (356.63101 21.49644, 356.13763 20.60273)",polyline,385-738,true,,,true,,,
"LINESTRING (90.91802000000001 20.3033, 91.62022999999999 19.80084)",polyline,390-1196,,,true,,,,
"LINESTRING (272.41626 24.94376, 272.53989 26.03082)",polyline,392-615,,,true,,,,
"LINESTRING (69.09550999999999 7.25345, 70.17590999999999 7.04363)",polyline,394-625,,,true,,,,
"LINESTRING (7.075620000000015 18.06754, 8.248569999999972 17.99247)",polyline,396-454,,,true,,,,
"LINESTRING (39.98946000000001 14.84354, 41.20119999999997 14.61334)",polyline,418-491,,true,,,true,true,
"LINESTRING (348.02545 58.74301, 348.58084 59.11579)",polyline,425-1472,,,,true,,,
"LINESTRING (348.02545 58.74301, 347.84619 59.502)",polyline,425-1550,,,true,,,,
"LINESTRING (176.57469 -23.66752, 175.96271 -23.01172)",polyline,431-1149,,,true,,,,
"LINESTRING (214.37686 20.7444, 215.24831 20.14707)",polyline,432-917,,,true,,,,
"LINESTRING (214.37686 20.7444, 213.59766 20.32699)",polyline,432-1651,,,true,,,,
"LINESTRING (55.836029999999994 38.0506, 54.92135999999999 37.5626)",polyline,436-2171,,,true,,,,
"LINESTRING (251.33006 1.11168, 251.25958 1.76867)",polyline,444-2208,true,,,,,,
"LINESTRING (278.73148 41.31999, 277.55801 41.27572)",polyline,448-1458,,,true,,,,
"LINESTRING (43.53120000000001 -9.39889, 43.035649999999976 -8.75809)",polyline,453-967,,true,,,,,
"LINESTRING (340.18271 34.27596, 339.12149 34.45664)",polyline,456-2457,,,true,,,,
"LINESTRING (298.80704 56.76471, 299.81287 57.00188)",polyline,457-2129,true,,,,,,
"LINESTRING (143.28143 -40.12921, 144.4655 -40.24235)",polyline,462-2284,,,true,,,,
"LINESTRING (312.80551 17.72994, 311.92322 17.7172)",polyline,463-1298,,,true,,,,
"LINESTRING (184.11501 -3.11477, 183.79893 -2.37755)",polyline,475-974,,,true,,,,
"LINESTRING (330.4635 40.84032, 329.51578 40.52036)",polyline,479-1127,,,true,,,,
"LINESTRING (75.38572999999997 22.23388, 76.3263 22.02215)",polyline,493-1818,,,true,,,,
"LINESTRING (46.719719999999995 3.60249, 46.452999999999975 4.33674)",polyline,495-1863,,,true,,,,
"LINESTRING (287.64978 59.13425, 289.12024 59.26658)",polyline,502-2139,true,,,,,,
"LINESTRING (326.05566 6.87885, 326.59445 7.53314)",polyline,504-708,true,,,,,,
"LINESTRING (143.57242 -37.0372, 144.4579 -37.25021)",polyline,505-1370,,,true,,,,
"LINESTRING (233.8652 2.16724, 233.14644 1.97912)",polyline,508-704,true,,,true,,,
"LINESTRING (6.611940000000004 14.14669, 7.511480000000006 14.72892)",polyline,536-768,,,true,,,,
"LINESTRING (291.03561 32.17436, 290.38934 31.31045)",polyline,543-644,,,true,,,,
"LINESTRING (46.13529 18.39243, 47.07812999999999 18.1844)",polyline,545-685,,,true,,,,
"LINESTRING (242.06477 47.44065, 242.17223 46.52313)",polyline,554-1016,,,true,,,,
"LINESTRING (261.80243 36.57048, 260.85788 36.20336)",polyline,555-2561,true,,true,,,,
"LINESTRING (32.547860000000014 4.97165, 32.88621999999998 5.95805)",polyline,567-798,false,false,false,false,false,false,false
"LINESTRING (32.547860000000014 4.97165, 32.578809999999976 5.47146)",polyline,567-2690,,,true,,,,
"LINESTRING (110.59484 -10.11114, 110.10453999999999 -10.8684)",polyline,585-1055,true,,true,,,,
"LINESTRING (79.90780999999998 -8.58233, 80.79485 -8.59517)",polyline,586-1874,,,true,,,,
"LINESTRING (208.12921 -14.85839, 208.41891 -15.4727)",polyline,591-899,,,true,,,,
"LINESTRING (292.09769 28.0576, 292.89633 28.32972)",polyline,605-2885,,,true,,,,
"LINESTRING (79.28773000000001 -10.48733, 79.76670999999999 -11.3575)",polyline,610-687,,,true,,,true,
"LINESTRING (231.49785 2.5292, 231.85493 2.73013)",polyline,613-2316,,,true,,,true,
"LINESTRING (349.07568 25.59482, 349.08936 24.99864)",polyline,614-2740,,,true,,,,
"LINESTRING (228.27621 3.90401, 227.59808 3.79954)",polyline,628-2849,,,true,,,,
"LINESTRING (120.77197000000001 24.38328, 121.08326 23.53564)",polyline,634-953,,,true,,,,
"LINESTRING (167.08035 -30.33696, 167.88622 -29.87523)",polyline,657-1680,,,true,,,,
"LINESTRING (299.19962 33.37789, 299.72281 33.5592)",polyline,660-2317,true,,,,,,
"LINESTRING (51.649339999999995 48.64062, 50.43808999999999 48.82492)",polyline,664-822,true,,,,true,,
"LINESTRING (10.458950000000016 47.61947, 10.35987 46.96102)",polyline,683-2146,,,true,,,,
"LINESTRING (179.43687 -11.32447, 179.44081 -12.0195)",polyline,689-854,,,true,,,,
"LINESTRING (11.766579999999976 15.87623, 11.523439999999994 16.63281)",polyline,692-2922,,,true,,,,
"LINESTRING (233.14644 1.97912, 232.63863 2.72637)",polyline,704-1086,,,,,,,
"LINESTRING (332.99384 21.05254, 332.70715 20.28247)",polyline,706-1911,,,,,,,
"LINESTRING (356.13232 31.07351, 355.67661 31.50975)",polyline,709-3448,,,,,,,
"LINESTRING (71.41552000000001 -37.39619, 71.08933999999999 -36.79521)",polyline,711-2446,,,,,,,
"LINESTRING (66.86005 21.04743, 67.37700000000001 21.72175)",polyline,714-1399,,,,,,,
"LINESTRING (180.44748 -1.64204, 180.55643 -1.88426)",polyline,717-2539,,,,,,,
"LINESTRING (172.27892 -19.37706, 172.23755 -19.82592)",polyline,720-1864,,,,,,,
"LINESTRING (12.181989999999985 -11.93523, 11.630409999999983 -11.72605)",polyline,723-3015,,,,,,,
"LINESTRING (229.23019 2.37413, 229.1572 3.11673)",polyline,737-1639,,,,,,,
"LINESTRING (192.49979 -4.90657, 192.20483 -4.547)",polyline,743-3558,,,,,,,
"LINESTRING (2.641020000000026 23.33038, 1.9231100000000083 22.94868)",polyline,758-3405,,,,,,,
"LINESTRING (10.629689999999982 14.81781, 11.08332999999999 15.36979)",polyline,761-3201,,,,,,,
"LINESTRING (350.82605 42.36901, 350.8082 43.15795)",polyline,773-2089,,,,,,,
"LINESTRING (350.82605 42.36901, 351.25735 41.67476)",polyline,773-3146,,,,,,,
"LINESTRING (17.314540000000022 16.41733, 17.290219999999977 17.15859)",polyline,776-841,,,,,,,
"LINESTRING (217.04736 10.68596, 217.06384 11.33136)",polyline,787-3101,,,,,,,
"LINESTRING (217.73546 -51.97124, 217.63873 -52.80828)",polyline,788-1612,,,,,,,
"LINESTRING (7.096569999999986 53.26994, 6.556770000000029 52.67509)",polyline,793-3293,,,,,,,
"LINESTRING (190.30597 -28.73074, 189.98561 -28.17075)",polyline,794-3819,,,,,,,
"LINESTRING (32.88621999999998 5.95805, 32.578809999999976 5.47146)",polyline,798-2690,,,,,,,
"LINESTRING (168.22182 30.90465, 167.43106 30.60866)",polyline,801-4079,,,,,,,
"LINESTRING (329.72797 42.57798, 330.61084 42.81447)",polyline,807-1379,,,,,,,
"LINESTRING (220.08923 3.05805, 219.5253 3.53029)",polyline,829-2394,,,,,,,
"LINESTRING (173.18875 11.91485, 172.41743 12.06024)",polyline,833-1921,,,,,,,
"LINESTRING (17.290219999999977 17.15859, 17.117160000000013 17.61502)",polyline,841-2292,,,,,,,
"LINESTRING (4.073869999999999 14.82036, 3.8736999999999853 14.38704)",polyline,847-1619,,,,,,,
"LINESTRING (250.03572 5.49248, 250.49535 5.07945)",polyline,849-4352,,,,,,,
"LINESTRING (280.40314 31.22747, 281.01663 31.25991)",polyline,851-2487,,,,,,,
"LINESTRING (179.98006 -58.64391, 180.79471 -58.99919)",polyline,866-2053,,,,,,,
"LINESTRING (179.98006 -58.64391, 180.06004 -59.23025)",polyline,866-4047,,,,,,,
"LINESTRING (201.81645 -1.24866, 202.46463 -0.97899)",polyline,875-3668,,,,,,,
"LINESTRING (48.27944000000002 11.19975, 48.11971 11.74798)",polyline,882-1366,,,,,,,
"LINESTRING (82.19466999999997 -5.77159, 82.59375 -5.23116)",polyline,903-2045,,,,,,,
"LINESTRING (13.914289999999994 38.55148, 12.996469999999988 38.9398)",polyline,908-1407,,,,,,,
"LINESTRING (278.98227 53.4663, 278.96939 52.73729)",polyline,910-3111,,,,,,,
"LINESTRING (21.842809999999986 26.24121, 21.508350000000007 26.90034)",polyline,921-3656,,,,,,,
"LINESTRING (255.32484 -2.60454, 255.26012 -2.00157)",polyline,925-3794,,,,,,,
"LINESTRING (213.92947 7.44677, 213.38911 7.67912)",polyline,928-1561,,,,,,,
"LINESTRING (266.0379 39.42999, 265.84561 38.78374)",polyline,943-3356,,,,,,,
"LINESTRING (212.31131 32.63872, 212.84962 32.05801)",polyline,962-1872,,,,,,,
"LINESTRING (278.20166 0.20217, 278.1593 0.84728)",polyline,968-1557,,,,,,,
"LINESTRING (60.8458 -26.14284, 60.15160000000003 -25.93331)",polyline,969-3395,,,,,,,
"LINESTRING (298.9126 1.94184, 298.88037 1.16735)",polyline,972-1791,,,,,,,
"LINESTRING (335.29877 -15.13144, 335.75916 -14.75214)",polyline,993-4682,,,,,,,
"LINESTRING (153.27972 -44.2325, 152.64438 -43.82463)",polyline,1000-1036,,,,,,,
"LINESTRING (22.31400000000002 51.24681, 21.83371999999997 50.94622)",polyline,1001-1095,,,,,,,
"LINESTRING (24.927009999999996 5.89348, 25.409879999999987 5.62621)",polyline,1007-1463,,,,,,,
"LINESTRING (254.58276 -7.06001, 254.24792 -6.37762)",polyline,1021-1497,,,,,,,
"LINESTRING (254.58276 -7.06001, 255.02008 -7.65034)",polyline,1021-1654,,,,,,,
"LINESTRING (119.12193000000002 55.27751, 118.0872 55.0828)",polyline,1025-2474,,,,,,,
"LINESTRING (184.61005 11.71467, 184.07893 11.89387)",polyline,1028-5031,,,,,,,
"LINESTRING (273.16083 -22.96776, 272.44791 -22.49752)",polyline,1032-1549,,,,,,,
"LINESTRING (157.24661 49.61971, 157.74425 50.24944)",polyline,1033-2081,,,,,,,
"LINESTRING (317.6864 -5.26132, 318.42838 -5.17221)",polyline,1034-2242,,,,,,,
"LINESTRING (199.21223 26.38346, 198.96748 25.77143)",polyline,1038-4968,,,,,,,
"LINESTRING (212.45404 5.19069, 212.93138 4.68964)",polyline,1042-1118,,,,,,,
"LINESTRING (250.62254 -5.52309, 249.9498 -5.70117)",polyline,1044-1349,,,,,,,
"LINESTRING (226.29909 58.85911, 226.78912 58.97192)",polyline,1045-3278,,,,,,,
"LINESTRING (226.29909 58.85911, 225.54968 58.58583)",polyline,1045-4306,,,,,,,
"LINESTRING (72.74509999999998 3.6227, 72.38779 4.06481)",polyline,1050-3742,,,,,,,
"LINESTRING (25.470100000000002 50.23168, 25.20037000000002 49.55354)",polyline,1052-1190,,,,,,,
"LINESTRING (164.39404 27.96914, 163.76707 27.9047)",polyline,1059-2588,,,,,,,
"LINESTRING (241.2729 -5.49473, 240.6843 -5.18713)",polyline,1067-3176,,,,,,,
"LINESTRING (241.2729 -5.49473, 241.59007 -5.05331)",polyline,1067-3389,,,,,,,
"LINESTRING (283.57654 25.28833, 283.06937 25.40078)",polyline,1069-1123,,,,,,,
"LINESTRING (50.353650000000016 5.24454, 50.79082 4.5259)",polyline,1076-1215,,,,,,,
"LINESTRING (253.78572 -9.02325, 253.52805 -8.84585)",polyline,1079-4702,,,,,,,
"LINESTRING (112.85449 35.73771, 113.22703000000001 35.06715)",polyline,1088-1946,,,,,,,
"LINESTRING (181.73227 59.28956, 180.54112 59.24052)",polyline,1093-5729,,,,,,,
"LINESTRING (21.83371999999997 50.94622, 21.64645999999999 50.21011)",polyline,1095-1208,,,,,,,
"LINESTRING (167.0177 12.27482, 166.65302 12.53836)",polyline,1098-1692,,,,,,,
"LINESTRING (211.03191 -44.28952, 210.47951 -43.68287)",polyline,1099-2009,,,,,,,
"LINESTRING (131.60522 -35.1166, 131.28139 -35.03317)",polyline,1101-4852,,,,,,,
"LINESTRING (345.58945 7.35949, 345.62787 7.87415)",polyline,1105-1348,,,,,,,
"LINESTRING (66.33233000000001 -9.43258, 66.85696000000002 -9.27486)",polyline,1115-1410,,,,,,,
"LINESTRING (171.40408 17.76315, 171.00134 17.24048)",polyline,1116-5008,,,,,,,
"LINESTRING (160.05899 30.9976, 160.66835 31.2362)",polyline,1117-2641,,,,,,,
"LINESTRING (150.39127 41.03334, 150.84682 41.31815)",polyline,1120-4133,,,,,,,
"LINESTRING (160.44986 45.28669, 160.92603 45.13095)",polyline,1122-5529,,,,,,,
"LINESTRING (169.07266 35.36238, 169.80666 35.15653)",polyline,1126-2733,,,,,,,
"LINESTRING (186.02106 59.43724, 187.07561 59.41795)",polyline,1129-3256,,,,,,,
"LINESTRING (68.91271 -11.19679, 68.93408999999997 -10.51766)",polyline,1144-2212,,,,,,,
"LINESTRING (52.976459999999975 -31.96062, 52.76396999999997 -31.28177)",polyline,1157-1699,,,,,,,
"LINESTRING (77.61160999999998 47.66739, 77.43513000000002 48.10872)",polyline,1158-4113,,,,,,,
"LINESTRING (200.0078 -51.67501, 199.46649 -51.18378)",polyline,1165-3230,,,,,,,
"LINESTRING (166.91319 -25.07329, 167.11819 -25.48179)",polyline,1175-4330,,,,,,,
"LINESTRING (35.39796000000001 32.45001, 34.67570999999998 32.52741)",polyline,1185-4878,,,,,,,
"LINESTRING (48.79683 1.54539, 48.21658000000002 1.58533)",polyline,1189-5082,,,,,,,
"LINESTRING (6.296879999999987 27.81641, 6.223490000000027 28.42566)",polyline,1197-2855,,,,,,,
"LINESTRING (9.284640000000024 13.5797, 9.115769999999998 14.02212)",polyline,1206-2808,,,,,,,
"LINESTRING (9.284640000000024 13.5797, 9.31547999999998 12.9809)",polyline,1206-5325,,,,,,,
"LINESTRING (337.78027 14.94111, 338.21851 15.10961)",polyline,1213-3650,,,,,,,
"LINESTRING (26.634310000000028 12.10412, 26.704189999999983 12.54745)",polyline,1219-5223,,,,,,,
"LINESTRING (26.634310000000028 12.10412, 26.026659999999993 12.12314)",polyline,1219-6214,,,,,,,
"LINESTRING (210.07356 4.99022, 209.93758 4.62139)",polyline,1220-4217,,,,,,,
"LINESTRING (210.07356 4.99022, 209.58672 5.35032)",polyline,1220-4582,,,,,,,
"LINESTRING (78.19492000000002 4.02244, 78.62819000000002 4.45786)",polyline,1238-1773,,,,,,,
"LINESTRING (11.505299999999977 14.42581, 11.536170000000027 13.88733)",polyline,1239-2770,,,,,,,
"LINESTRING (319.42703 6.94819, 319.48874 7.3797)",polyline,1244-5494,,,,,,,
"LINESTRING (105.54489999999998 39.6956, 104.84145000000001 39.50189)",polyline,1250-2632,,,,,,,
"LINESTRING (351.4903 36.86701, 350.84708 36.54613)",polyline,1260-6361,,,,,,,
"LINESTRING (313.74094 6.5668, 313.50732 6.87874)",polyline,1268-2980,,,,,,,
"LINESTRING (158.54878 20.29826, 158.01933 20.84227)",polyline,1274-1910,,,,,,,
"LINESTRING (188.5204 -4.31894, 188.87727 -3.90204)",polyline,1277-1597,,,,,,,
"LINESTRING (252.88106 1.96535, 253.17937 2.39859)",polyline,1296-6018,,,,,,,
"LINESTRING (85.46366999999998 -41.51227, 85.31509 -42.22809)",polyline,1300-1938,,,,,,,
"LINESTRING (268.74362 -1.90622, 269.20087 -1.72243)",polyline,1306-3692,,,,,,,
"LINESTRING (283.71136 5.68368, 283.73294 5.00164)",polyline,1309-2841,,,,,,,
"LINESTRING (33.183010000000024 37.31736, 33.76533999999998 37.83228)",polyline,1312-1950,,,,,,,
"LINESTRING (33.183010000000024 37.31736, 34.032460000000015 37.22858)",polyline,1312-2367,,,,,,,
"LINESTRING (207.85732 -37.09006, 208.1459 -36.60005)",polyline,1313-4393,,,,,,,
"LINESTRING (207.85732 -37.09006, 208.52635 -37.1311)",polyline,1313-4820,,,,,,,
"LINESTRING (76.04086000000001 21.45105, 76.3263 22.02215)",polyline,1329-1818,,,,,,,
"LINESTRING (183.94406 -25.86634, 184.29666 -25.28281)",polyline,1333-1372,,,,,,,
"LINESTRING (141.86223 -30.88316, 141.21373 -30.79439)",polyline,1340-3735,,,,,,,
"LINESTRING (22.16541000000001 27.66366, 22.638030000000015 27.60533)",polyline,1342-3896,,,,,,,
"LINESTRING (335.66153 -17.36423, 335.26614 -16.83922)",polyline,1346-2414,,,,,,,
"LINESTRING (99.05309 43.08283, 99.30682000000002 43.50269)",polyline,1351-7236,,,,,,,
"LINESTRING (44.963149999999985 4.22979, 44.65998000000002 4.68101)",polyline,1352-5530,,,,,,,
"LINESTRING (283.09305 46.88712, 282.95139 47.43165)",polyline,1357-4712,,,,,,,
"LINESTRING (325.36536 30.7075, 325.25119 31.0629)",polyline,1360-6437,,,,,,,
"LINESTRING (211.66568 -10.93949, 211.21848 -10.64575)",polyline,1363-7489,,,,,,,
"LINESTRING (176.95764 10.95516, 177.16391 11.47068)",polyline,1365-1701,,,,,,,
"LINESTRING (48.11971 11.74798, 48.60662000000002 12.04922)",polyline,1366-2364,,,,,,,
"LINESTRING (140.03006 -30.59, 139.88319 -30.14068)",polyline,1374-2990,,,,,,,
"LINESTRING (152.89116 47.69037, 152.72408 47.13581)",polyline,1392-4461,,,,,,,
"LINESTRING (268.93372 2.16796, 269.25604 2.64247)",polyline,1396-4640,,,,,,,
"LINESTRING (26.38770999999997 -37.50006, 25.57562999999999 -37.49351)",polyline,1398-3050,,,,,,,
"LINESTRING (121.51213000000001 34.68167, 120.82121000000001 34.82496)",polyline,1404-6427,,,,,,,
"LINESTRING (176.70363 28.68226, 177.28378 28.84493)",polyline,1412-4892,,,,,,,
"LINESTRING (52.32591000000002 -20.21182, 52.946230000000014 -20.11316)",polyline,1415-3847,,,,,,,
"LINESTRING (112.09026 15.56454, 112.1875 15.25)",polyline,1418-7944,,,,,,,
"LINESTRING (319.66959 44.56404, 319.63428 44.97734)",polyline,1425-5201,,,,,,,
"LINESTRING (202.04057 -34.43157, 201.37601 -34.56947)",polyline,1426-6326,,,,,,,
"LINESTRING (24.956529999999987 2.15001, 25.490229999999997 2.07358)",polyline,1427-3838,,,,,,,
"LINESTRING (280.87881 8.15537, 281.17773 7.68698)",polyline,1439-7091,,,,,,,
"LINESTRING (219.6078 10.16847, 219.23289 9.7831)",polyline,1446-5302,,,,,,,
"LINESTRING (155.02481 -20.86652, 155.38519 -20.89326)",polyline,1448-2092,,,,,,,
"LINESTRING (235.96051 2.24695, 235.74646 2.65528)",polyline,1450-5121,,,,,,,
"LINESTRING (252.19096 25.49128, 252.35625 25.38498)",polyline,1468-6515,,,,,,,
"LINESTRING (348.58084 59.11579, 347.84619 59.502)",polyline,1472-1550,,,,,,,
"LINESTRING (89.06666999999999 40.18065, 88.71577000000002 40.70122)",polyline,1473-2445,,,,,,,
"LINESTRING (236.28055 40.74528, 236.9655 40.99312)",polyline,1477-1785,,,,,,,
"LINESTRING (241.09476 -2.33676, 241.54008 -2.69378)",polyline,1482-2549,,,,,,,
"LINESTRING (253.77792 -0.7196, 253.72514 -0.08807)",polyline,1483-3266,,,,,,,
"LINESTRING (316.49283 53.88965, 315.98682 53.49543)",polyline,1484-3832,,,,,,,
"LINESTRING (24.11171999999999 24.23235, 24.208669999999984 23.80198)",polyline,1487-2590,,,,,,,
"LINESTRING (3.6834499999999935 32.22708, 2.8974699999999984 32.38628)",polyline,1499-2151,,,,,,,
"LINESTRING (161.2012 31.18246, 160.66835 31.2362)",polyline,1503-2641,,,,,,,
"LINESTRING (110.24513999999999 7.54584, 110.59329 7.76648)",polyline,1507-3833,,,,,,,
"LINESTRING (323.98962 27.49219, 323.73389 27.61411)",polyline,1512-1843,,,,,,,
"LINESTRING (288.01855 6.70214, 287.58069 6.95954)",polyline,1513-1790,,,,,,,
"LINESTRING (331.7818 5.18034, 331.50482 5.04525)",polyline,1515-6428,,,,,,,
"LINESTRING (324.50653 40.33521, 324.82968 40.8185)",polyline,1525-7611,,,,,,,
"LINESTRING (76.57391999999999 43.49624, 77.43626 43.53104)",polyline,1541-2881,,,,,,,
"LINESTRING (143.51794 57.10205, 142.57776 57.14735)",polyline,1542-5828,,,,,,,
"LINESTRING (143.51794 57.10205, 143.99652 57.14312)",polyline,1542-7298,,,,,,,
"LINESTRING (204.62141 -22.71041, 205.13029 -22.71399)",polyline,1544-4250,,,,,,,
"LINESTRING (51.48702000000003 -19.33188, 50.93203 -19.37561)",polyline,1548-7202,,,,,,,
"LINESTRING (62.560850000000016 -13.41682, 62.435 -12.90631)",polyline,1553-4633,,,,,,,
"LINESTRING (355.54626 15.64524, 355.95737 15.23649)",polyline,1554-7003,,,,,,,
"LINESTRING (169.43636 -28.49347, 169.94299 -28.19549)",polyline,1556-7769,,,,,,,
"LINESTRING (56.37598000000003 27.53225, 56.456560000000025 27.02397)",polyline,1560-2116,,,,,,,
"LINESTRING (270.55063 4.71398, 270.76309 4.14076)",polyline,1568-4101,,,,,,,
"LINESTRING (155.00426 9.18841, 155.4529 8.95143)",polyline,1570-4824,,,,,,,
"LINESTRING (34.99916000000002 36.90612, 35.34577999999999 37.11642)",polyline,1574-6105,,,,,,,
"LINESTRING (160.97926 34.26881, 161.5583 34.02907)",polyline,1577-5831,,,,,,,
"LINESTRING (21.038070000000005 52.8142, 21.32035000000002 52.68729)",polyline,1578-7644,,,,,,,
"LINESTRING (10.681120000000021 23.44698, 10.105270000000019 23.81393)",polyline,1584-2720,,,,,,,
"LINESTRING (285.47067 21.9621, 284.76123 22.05983)",polyline,1590-2527,,,,,,,
"LINESTRING (256.55231 47.93999, 255.791 48.17311)",polyline,1593-7985,,,,,,,
"LINESTRING (256.55231 47.93999, 256.34232 48.32254)",polyline,1593-8250,,,,,,,
"LINESTRING (90.20175999999998 -52.14374, 90.23194000000001 -52.64103)",polyline,1595-4634,,,,,,,
"LINESTRING (194.1951 -47.1243, 193.56277 -47.48027)",polyline,1596-6483,,,,,,,
"LINESTRING (129.6658 47.17413, 129.87471 46.84313)",polyline,1600-4789,,,,,,,
"LINESTRING (353.95761 24.57675, 353.58997 25.06496)",polyline,1603-2832,,,,,,,
"LINESTRING (71.68862000000001 9.15751, 72.12702000000002 9.4696)",polyline,1607-7130,,,,,,,
"LINESTRING (320.76663 -8.28148, 320.30307 -8.0188)",polyline,1624-5132,,,,,,,
"LINESTRING (28.019079999999974 30.9737, 28.36097000000001 30.57033)",polyline,1627-2847,,,,,,,
"LINESTRING (95.23881 21.25792, 94.70924000000002 21.60043)",polyline,1633-3789,,,,,,,
"LINESTRING (79.41886999999997 43.47966, 79.96066000000002 43.99548)",polyline,1640-2645,,,,,,,
"LINESTRING (222.55972 -18.77551, 222.87511 -19.20804)",polyline,1642-2281,,,,,,,
"LINESTRING (313.21222 2.29909, 313.33591 2.74401)",polyline,1646-1983,,,,,,,
"LINESTRING (213.59766 20.32699, 213.82724 20.5555)",polyline,1651-4181,,,,,,,
"LINESTRING (297.64844 18.96094, 297.10898 19.20325)",polyline,1656-3741,,,,,,,
"LINESTRING (346.78351 -23.99813, 346.08469 -23.93597)",polyline,1658-2490,,,,,,,
"LINESTRING (327.90848 43.96201, 327.33981 44.11968)",polyline,1659-4616,,,,,,,
"LINESTRING (0.0112100000000055 17.3318, 359.7084 17.69336)",polyline,1670-8272,,,,,,,
"LINESTRING (249.61195 -12.321, 249.47385 -12.79776)",polyline,1677-5901,,,,,,,
"LINESTRING (313.72958 -4.08082, 314.36218 -4.04408)",polyline,1685-3002,,,,,,,
"LINESTRING (313.72958 -4.08082, 314.23343 -4.24421)",polyline,1685-7630,,,,,,,
"LINESTRING (281.8378 25.96025, 282.16553 26.34912)",polyline,1693-6601,,,,,,,
"LINESTRING (255.29689 -8.58196, 254.59601 -8.63199)",polyline,1707-1761,,,,,,,
"LINESTRING (317.6174 9.19989, 318.00296 8.92151)",polyline,1726-2615,,,,,,,
"LINESTRING (252.03207 -22.23744, 251.79793 -21.91869)",polyline,1728-7543,,,,,,,
"LINESTRING (158.66304 14.56711, 158.27132 14.14347)",polyline,1733-3188,,,,,,,
"LINESTRING (158.66304 14.56711, 159.23454 14.69474)",polyline,1733-4197,,,,,,,
"LINESTRING (305.42563 2.54365, 305.30472 2.73324)",polyline,1737-4662,,,,,,,
"LINESTRING (344.33936 31.07238, 344.94867 31.1586)",polyline,1743-4028,,,,,,,
"LINESTRING (49.36700999999999 21.1584, 49.73043000000001 21.35994)",polyline,1754-2302,,,,,,,
"LINESTRING (154.34042 -9.95335, 154.10339 -9.51853)",polyline,1760-8138,,,,,,,
"LINESTRING (254.59601 -8.63199, 254.71709 -8.98703)",polyline,1761-3011,,,,,,,
"LINESTRING (232.02461 10.02977, 232.5499 9.88601)",polyline,1763-3940,,,,,,,
"LINESTRING (326.80917 28.11157, 326.13464 28.10475)",polyline,1770-3231,,,,,,,
"LINESTRING (93.87995000000001 51.76598, 93.32411000000002 51.36309)",polyline,1774-1904,,,,,,,
"LINESTRING (214.92622 49.28946, 214.26112 49.05085)",polyline,1781-4014,,,,,,,
"LINESTRING (110.89271 30.69719, 111.43376 30.23204)",polyline,1787-2404,,,,,,,
"LINESTRING (96.90421000000003 52.51264, 96.62317999999999 51.95492)",polyline,1789-2691,,,,,,,
"LINESTRING (312.56659 -1.32615, 312.08456 -1.72805)",polyline,1792-2830,,,,,,,
"LINESTRING (278.01199 1.90415, 277.90582 2.28528)",polyline,1798-5431,,,,,,,
"LINESTRING (71.19835 44.32593, 70.79518999999999 43.94466)",polyline,1805-7171,,,,,,,
"LINESTRING (147.92944 18.46619, 147.9949 18.768)",polyline,1812-5847,,,,,,,
"LINESTRING (7.9032399999999825 37.12506, 7.872389999999996 36.72079)",polyline,1815-4974,,,,,,,
"LINESTRING (205.01094 17.22031, 204.96094 17.57324)",polyline,1823-3416,,,,,,,
"LINESTRING (150.53549 -28.35456, 151.05563 -28.09109)",polyline,1826-8687,,,,,,,
"LINESTRING (175.1387 12.18354, 175.15051 11.56501)",polyline,1829-3223,,,,,,,
"LINESTRING (104.94945999999999 49.12352, 104.86848 49.59662)",polyline,1836-3537,,,,,,,
"LINESTRING (135.37035 59.61328, 135.86642 59.9713)",polyline,1837-3903,,,,,,,
"LINESTRING (281.88394 32.58879, 281.384 32.57082)",polyline,1844-8001,,,,,,,
"LINESTRING (45.56360000000001 2.52874, 45.50950999999998 2.84102)",polyline,1845-7878,,,,,,,
"LINESTRING (313.57773 50.53156, 314.14566 50.58525)",polyline,1846-7843,,,,,,,
"LINESTRING (278.51834 17.15378, 278.83902 17.36147)",polyline,1850-3428,,,,,,,
"LINESTRING (278.51834 17.15378, 278.19363 17.44188)",polyline,1850-6289,,,,,,,
"LINESTRING (216.12514 13.2786, 216.39372 13.84612)",polyline,1855-2323,,,,,,,
"LINESTRING (184.1424 12.42725, 184.07893 11.89387)",polyline,1856-5031,,,,,,,
"LINESTRING (212.84962 32.05801, 212.35899 31.89362)",polyline,1872-7618,,,,,,,
"LINESTRING (212.84962 32.05801, 212.73369 32.36942)",polyline,1872-8155,,,,,,,
"LINESTRING (204.38693 -38.40766, 204.41753 -37.78265)",polyline,1877-1967,,,,,,,
"LINESTRING (159.12148 28.01896, 158.83002 27.52183)",polyline,1884-4563,,,,,,,
"LINESTRING (159.12148 28.01896, 159.59779 27.67308)",polyline,1884-5675,,,,,,,
"LINESTRING (202.7093 18.68459, 202.49226 18.57468)",polyline,1890-6435,,,,,,,
"LINESTRING (216.12729 -50.61266, 216.26694 -50.08367)",polyline,1891-7254,,,,,,,
"LINESTRING (26.079349999999977 10.13997, 26.09617000000003 10.74834)",polyline,1893-2403,,,,,,,
"LINESTRING (166.67271 -5.94075, 167.04552 -5.58549)",polyline,1896-6800,,,,,,,
"LINESTRING (163.9949 -22.68192, 163.68015 -22.4836)",polyline,1902-3137,,,,,,,
"LINESTRING (163.9949 -22.68192, 164.47264 -22.88662)",polyline,1902-5095,,,,,,,
"LINESTRING (172.41743 12.06024, 172.89952 12.35167)",polyline,1921-4645,,,,,,,
"LINESTRING (23.91212999999999 22.1499, 23.43795 22.39253)",polyline,1922-8471,,,,,,,
"LINESTRING (261.72147 -10.52717, 261.3252 -10.15829)",polyline,1924-3005,,,,,,,
"LINESTRING (183.24113 12.216, 183.04227 12.56415)",polyline,1925-3010,,,,,,,
"LINESTRING (3.9866700000000037 0.62241, 4.423130000000015 0.92302)",polyline,1930-8251,,,,,,,
"LINESTRING (154.43359 52.86552, 154.8806 53.11753)",polyline,1944-2306,,,,,,,
"LINESTRING (210.48628 -2.0123, 210.9828 -2.22656)",polyline,1947-4053,,,,,,,
"LINESTRING (210.48628 -2.0123, 210.28806 -1.78896)",polyline,1947-8456,,,,,,,
"LINESTRING (33.76533999999998 37.83228, 34.032460000000015 37.22858)",polyline,1950-2367,,,,,,,
"LINESTRING (204.41753 -37.78265, 204.97025 -38.01968)",polyline,1967-6212,,,,,,,
"LINESTRING (165.08963 -4.84941, 165.04327 -4.33748)",polyline,1979-5453,,,,,,,
"LINESTRING (203.94414 -30.35106, 203.41457 -30.14242)",polyline,1985-4136,,,,,,,
"LINESTRING (74.02429999999998 -14.01691, 73.48295999999999 -14.01469)",polyline,1993-3516,,,,,,,
"LINESTRING (341.59982 16.32343, 342.1933 16.63714)",polyline,1997-2277,,,,,,,
"LINESTRING (260.37582 -10.20996, 259.73938 -10.28843)",polyline,2005-2173,,,,,,,
"LINESTRING (71.52771000000001 -35.37182, 71.33350000000002 -35.34107)",polyline,2008-6602,,,,,,,
"LINESTRING (210.47951 -43.68287, 211.1147 -43.85329)",polyline,2009-6614,,,,,,,
"LINESTRING (210.47951 -43.68287, 210.07515 -43.73482)",polyline,2009-7258,,,,,,,
"LINESTRING (244.80998 -9.29142, 244.60089 -9.19976)",polyline,2013-8176,,,,,,,
"LINESTRING (329.1376 31.66758, 329.51343 31.47995)",polyline,2014-5512,,,,,,,
"LINESTRING (313.04889 55.02055, 313.71085 55.10214)",polyline,2016-2901,,,,,,,
"LINESTRING (118.71904999999998 -7.85524, 119.24752999999998 -7.91377)",polyline,2028-3305,,,,,,,
"LINESTRING (246.2852 -1.32613, 246.31578 -1.89287)",polyline,2037-2814,,,,,,,
"LINESTRING (57.006579999999985 21.35166, 56.45600000000002 21.10163)",polyline,2040-3241,,,,,,,
"LINESTRING (348.70746 27.40813, 348.19131 27.51255)",polyline,2044-5305,,,,,,,
"LINESTRING (177.09032 24.53593, 177.21088 24.01165)",polyline,2052-6308,,,,,,,
"LINESTRING (180.79471 -58.99919, 180.06004 -59.23025)",polyline,2053-4047,,,,,,,
"LINESTRING (270.03552 37.52337, 270.55701 37.23132)",polyline,2061-6531,,,,,,,
"LINESTRING (285.11621 28.1694, 285.58649 28.53343)",polyline,2069-4363,,,,,,,
"LINESTRING (245.61201 -6.4069, 245.05807 -6.12631)",polyline,2076-2510,,,,,,,
"LINESTRING (212.06253 7.491, 212.13515 8.00331)",polyline,2077-6503,,,,,,,
"LINESTRING (357.46463 20.30858, 357.67535 20.69483)",polyline,2083-5321,,,,,,,
"LINESTRING (111.67991 -20.08987, 112.10300999999998 -19.75496)",polyline,2088-5859,,,,,,,
"LINESTRING (287.80542 56.93988, 288.66943 57.03655)",polyline,2094-5151,,,,,,,
"LINESTRING (245.625 -2.42188, 246.05714 -2.56785)",polyline,2101-8595,,,,,,,
"LINESTRING (151.80814 -28.12798, 152.37294 -27.74672)",polyline,2102-2289,,,,,,,
"LINESTRING (100.86239999999998 43.06855, 100.97289999999998 42.63296)",polyline,2121-3145,,,,,,,
"LINESTRING (352.28329 20.58078, 352.81 20.72499)",polyline,2125-4768,,,,,,,
"LINESTRING (104.44119999999998 -5.80195, 104.56161 -6.15903)",polyline,2126-3104,,,,,,,
"LINESTRING (50.80907000000002 21.63953, 50.923490000000015 22.08427)",polyline,2127-8118,,,,,,,
"LINESTRING (29.695280000000025 37.03667, 29.633370000000014 36.52839)",polyline,2131-6385,,,,,,,
"LINESTRING (242.10603 -27.36187, 242.07339 -27.94754)",polyline,2137-2535,,,,,,,
"LINESTRING (321.33484 7.45237, 321.63617 7.08409)",polyline,2141-2275,,,,,,,
"LINESTRING (334.37408 53.27516, 333.76501 53.32212)",polyline,2148-7535,,,,,,,
"LINESTRING (158.74573 -2.94818, 158.89618 -3.5626)",polyline,2150-2228,,,,,,,
"LINESTRING (158.74573 -2.94818, 158.13766 -2.87985)",polyline,2150-2741,,,,,,,
"LINESTRING (179.20659 -29.68775, 179.31064 -29.88549)",polyline,2152-5242,,,,,,,
"LINESTRING (30.95420999999999 11.91208, 30.952499999999986 11.5423)",polyline,2156-6837,,,,,,,
"LINESTRING (134.31122 -7.47983, 134.83768 -7.43838)",polyline,2157-7286,,,,,,,
"LINESTRING (341.61658 27.46032, 342.08127 27.66983)",polyline,2158-4408,,,,,,,
"LINESTRING (308.13031 17.81116, 308.19409 17.39062)",polyline,2168-4062,,,,,,,
"LINESTRING (358.1268 26.11233, 357.94125 26.42265)",polyline,2172-6069,,,,,,,
"LINESTRING (259.73938 -10.28843, 259.61368 -10.58341)",polyline,2173-3753,,,,,,,
"LINESTRING (323.27142 9.98663, 323.6637 9.6807)",polyline,2183-7358,,,,,,,
"LINESTRING (323.27142 9.98663, 322.94849 10.32264)",polyline,2183-8729,,,,,,,
"LINESTRING (242.95811 3.85362, 242.45502 3.51985)",polyline,2185-2266,,,,,,,
"LINESTRING (316.41754 2.66997, 316.83878 2.6002)",polyline,2192-4173,,,,,,,
"LINESTRING (115.31657000000001 -31.74377, 114.85320000000002 -32.05843)",polyline,2196-6914,,,,,,,
"LINESTRING (351.64838 18.58192, 352.09579 18.77785)",polyline,2202-8424,,,,,,,
"LINESTRING (145.13792 -17.78127, 145.60165 -18.0319)",polyline,2209-3335,,,,,,,
"LINESTRING (268.90048 28.86604, 268.34763 28.69773)",polyline,2213-2607,,,,,,,
"LINESTRING (94.66149999999999 -24.51023, 94.82098000000002 -24.98479)",polyline,2226-8312,,,,,,,
"LINESTRING (336.31476 1.11423, 336.07315 0.76695)",polyline,2232-8524,,,,,,,
"LINESTRING (226.56152 6.13459, 226.23859 6.16874)",polyline,2241-7333,,,,,,,
"LINESTRING (5.671260000000018 20.78727, 5.420059999999978 21.26884)",polyline,2252-3578,,,,,,,
"LINESTRING (103.62772999999999 46.23751, 103.36755 46.5345)",polyline,2259-7325,,,,,,,
"LINESTRING (158.33427 -18.7894, 158.05861 -18.40308)",polyline,2261-4840,,,,,,,
"LINESTRING (206.52075 23.47947, 206.58189 22.98613)",polyline,2267-5276,,,,,,,
"LINESTRING (321.63617 7.08409, 322.08145 7.34155)",polyline,2275-4007,,,,,,,
"LINESTRING (342.1933 16.63714, 341.76703 16.94858)",polyline,2277-2624,,,,,,,
"LINESTRING (74.16737 17.14168, 73.93092000000001 16.68904)",polyline,2282-3612,,,,,,,
"LINESTRING (276.4678 -4.95351, 276.06552 -4.59232)",polyline,2290-4278,,,,,,,
"LINESTRING (197.06407 27.07224, 197.58449 26.94233)",polyline,2293-7555,,,,,,,
"LINESTRING (254.88258 24.94515, 255.27676 25.09159)",polyline,2296-5952,,,,,,,
"LINESTRING (165.48932 9.01948, 165.85085 8.5798)",polyline,2297-2355,,,,,,,
"LINESTRING (16.69015999999999 35.85985, 16.06504000000001 35.92832)",polyline,2307-3659,,,,,,,
"LINESTRING (177.28125 18.20341, 177.28125 18.61496)",polyline,2309-6338,,,,,,,
"LINESTRING (195.90866 -9.88935, 196.37337 -9.83692)",polyline,2315-5640,,,,,,,
"LINESTRING (143.24014 -15.90594, 142.99075 -16.30248)",polyline,2329-4847,,,,,,,
"LINESTRING (143.24014 -15.90594, 143.48621 -16.33632)",polyline,2329-6087,,,,,,,
"LINESTRING (143.11015 -7.85727, 142.94473 -8.27297)",polyline,2331-4650,,,,,,,
"LINESTRING (252.83151 21.20599, 252.40175 21.05473)",polyline,2346-7439,,,,,,,
"LINESTRING (197.9884 -31.40003, 198.59903 -31.33083)",polyline,2353-5424,,,,,,,
"LINESTRING (42.20418000000001 17.32918, 41.69628 17.1379)",polyline,2356-6199,,,,,,,
"LINESTRING (335.06201 -6.26647, 334.77435 -6.18647)",polyline,2359-6904,,,,,,,
"LINESTRING (183.03168 24.94046, 182.62648 25.15202)",polyline,2361-7835,,,,,,,
"LINESTRING (202.46788 -31.43025, 202.21352 -31.10739)",polyline,2362-7452,,,,,,,
"LINESTRING (90.89256999999998 59.22886, 90.73869000000002 59.57188)",polyline,2368-3434,,,,,,,
"LINESTRING (143.76865 -21.83016, 143.2332 -21.63511)",polyline,2370-2565,,,,,,,
"LINESTRING (283.87625 23.40137, 283.32162 23.4223)",polyline,2379-7566,,,,,,,
"LINESTRING (277.03732 -17.13878, 276.69791 -17.06336)",polyline,2381-8349,,,,,,,
"LINESTRING (83.25421 51.45478, 83.87002999999999 51.16789)",polyline,2386-5507,,,,,,,
"LINESTRING (258.54407 -2.61106, 258.18719 -2.27879)",polyline,2388-6526,,,,,,,
"LINESTRING (24.72253999999998 39.66336, 25.004380000000026 39.35784)",polyline,2408-5736,,,,,,,
"LINESTRING (50.507349999999974 27.85089, 50.92793 28.06551)",polyline,2416-8002,,,,,,,
"LINESTRING (229.23169 9.7053, 229.33975 9.2389)",polyline,2426-4248,,,,,,,
"LINESTRING (218.84641 -22.53192, 219.09499 -22.20167)",polyline,2428-7030,,,,,,,
"LINESTRING (220.29422 -19.56516, 220.07559 -19.12025)",polyline,2431-8066,,,,,,,
"LINESTRING (201.83047 -11.88759, 202.306 -12.01882)",polyline,2435-6461,,,,,,,
"LINESTRING (196.05795 40.43964, 196.46074 40.90437)",polyline,2437-3730,,,,,,,
"LINESTRING (156.95924 -4.8564, 157.35017 -5.16294)",polyline,2439-4537,,,,,,,
"LINESTRING (140.14124 -45.63331, 140.4837 -45.12617)",polyline,2441-2696,,,,,,,
"LINESTRING (189.80623 -39.82904, 190.10838 -40.19894)",polyline,2442-3746,,,,,,,
"LINESTRING (132.72292 -2.13799, 133.10698 -2.31641)",polyline,2458-4914,,,,,,,
"LINESTRING (348.60077 -21.359, 348.57886 -21.63661)",polyline,2470-3318,,,,,,,
"LINESTRING (72.70960000000002 10.13654, 72.96663999999998 9.7024)",polyline,2471-5922,,,,,,,
"LINESTRING (248.66669 -10.39555, 248.79687 -9.92171)",polyline,2481-8784,,,,,,,
"LINESTRING (183.69902 51.35927, 184.32533 51.51562)",polyline,2482-6516,,,,,,,
"LINESTRING (163.81747 34.68589, 163.59656 34.56874)",polyline,2488-6039,,,,,,,
"LINESTRING (160.71448 -18.06734, 160.28839 -17.88909)",polyline,2496-3361,,,,,,,
"LINESTRING (160.71448 -18.06734, 161.04167 -18.35677)",polyline,2496-6742,,,,,,,
"LINESTRING (177.63319 -50.17844, 177.58725 -49.74156)",polyline,2518-6547,,,,,,,
"LINESTRING (189.32101 -2.89062, 188.83424 -3.03737)",polyline,2521-3272,,,,,,,
"LINESTRING (329.04687 -19.8987, 329.43582 -19.53406)",polyline,2522-5853,,,,,,,
"LINESTRING (139.03711 -8.19824, 139.22748 -8.6174)",polyline,2542-4236,,,,,,,
"LINESTRING (241.54008 -2.69378, 241.93291 -2.49982)",polyline,2549-8803,,,,,,,
"LINESTRING (6.7404900000000225 51.03671, 6.1905100000000175 51.31665)",polyline,2551-3391,,,,,,,
"LINESTRING (143.2332 -21.63511, 142.87245 -21.41126)",polyline,2565-3791,,,,,,,
"LINESTRING (228.08658 8.52239, 227.77267 8.82457)",polyline,2582-7361,,,,,,,
"LINESTRING (163.76707 27.9047, 163.56706 27.65097)",polyline,2588-5209,,,,,,,
"LINESTRING (223.55785 1.36062, 223.94975 1.09379)",polyline,2589-6127,,,,,,,
"LINESTRING (169.03391 1.73028, 168.5632 1.89052)",polyline,2598-4040,,,,,,,
"LINESTRING (15.00569999999999 37.72645, 15.181820000000016 37.89837)",polyline,2601-5136,,,,,,,
"LINESTRING (267.1951 37.00976, 267.74139 36.77127)",polyline,2606-4796,,,,,,,
"LINESTRING (181.72125 -19.85022, 182.02808 -20.01294)",polyline,2611-3501,,,,,,,
"LINESTRING (341.76703 16.94858, 341.39212 17.2908)",polyline,2624-4198,,,,,,,
"LINESTRING (155.0023 19.85128, 154.90649 19.4438)",polyline,2640-8010,,,,,,,
"LINESTRING (151.91841 38.79215, 151.95906 38.30861)",polyline,2653-5000,,,,,,,
"LINESTRING (111.96136000000001 -28.46586, 111.64521000000002 -28.6067)",polyline,2657-6540,,,,,,,
"LINESTRING (236.55463 -16.76598, 236.82433 -17.08968)",polyline,2658-5644,,,,,,,
"LINESTRING (10.14688000000001 22.80853, 9.961009999999987 23.26086)",polyline,2662-3505,,,,,,,
"LINESTRING (260.70847 -11.86757, 261.17319 -11.94661)",polyline,2664-5712,,,,,,,
"LINESTRING (205.05246 23.39657, 204.62755 23.60133)",polyline,2670-7294,,,,,,,
"LINESTRING (357.86517 47.32751, 357.74094 47.7963)",polyline,2678-6789,,,,,,,
"LINESTRING (338.09824 -15.44098, 338.61108 -15.48875)",polyline,2685-4610,,,,,,,
"LINESTRING (144.04393 49.03, 144.39328 49.40223)",polyline,2701-8672,,,,,,,
"LINESTRING (312.39697 43.22269, 312.91681 43.52943)",polyline,2705-6254,,,,,,,
"LINESTRING (312.39697 43.22269, 312.43527 43.62513)",polyline,2705-6968,,,,,,,
"LINESTRING (345.46716 31.25207, 344.94867 31.1586)",polyline,2707-4028,,,,,,,
"LINESTRING (161.74722 -32.61934, 161.44148 -32.90894)",polyline,2709-8608,,,,,,,
"LINESTRING (316.17944 -2.03125, 316.56229 -2.40839)",polyline,2711-3051,,,,,,,
"LINESTRING (268.84869 7.07988, 268.75821 6.64282)",polyline,2717-5280,,,,,,,
"LINESTRING (322.07501 5.71669, 321.62585 5.52637)",polyline,2725-4317,,,,,,,
"LINESTRING (32.51483000000002 42.39059, 32.09875999999997 42.01719)",polyline,2727-3515,,,,,,,
"LINESTRING (338.17136 -2.50333, 337.78427 -2.56735)",polyline,2746-4507,,,,,,,
"LINESTRING (323.48938 23.85243, 323.10907 24.3029)",polyline,2747-3107,,,,,,,
"LINESTRING (302.79132 24.54389, 302.2085 24.46963)",polyline,2749-3679,,,,,,,
"LINESTRING (303.67664 56.46487, 303.93347 56.90815)",polyline,2761-2979,,,,,,,
"LINESTRING (240.04527 5.11675, 240.13547 4.80027)",polyline,2763-3666,,,,,,,
"LINESTRING (11.536170000000027 13.88733, 10.989350000000002 13.88789)",polyline,2770-2996,,,,,,,
"LINESTRING (34.08694000000003 8.76149, 33.70299 8.49414)",polyline,2788-3220,,,,,,,
"LINESTRING (182.0444 -27.99211, 181.74725 -27.72181)",polyline,2789-5856,,,,,,,
"LINESTRING (151.56654 41.32968, 150.84682 41.31815)",polyline,2794-4133,,,,,,,
"LINESTRING (338.73303 0.08605, 338.67279 -0.39614)",polyline,2797-6362,,,,,,,
"LINESTRING (338.73303 0.08605, 338.29123 0.21851)",polyline,2797-6655,,,,,,,
"LINESTRING (53.70726000000002 21.71227, 53.87272999999999 21.99842)",polyline,2831-8433,,,,,,,
"LINESTRING (53.70726000000002 21.71227, 53.4939 22.10592)",polyline,2831-8550,,,,,,,
"LINESTRING (283.73294 5.00164, 284.12811 4.96862)",polyline,2841-3869,,,,,,,
"LINESTRING (11.078520000000026 21.95617, 10.920889999999986 22.39466)",polyline,2874-7585,,,,,,,
"LINESTRING (7.175749999999994 45.05791, 6.562729999999988 44.95972)",polyline,2877-5492,,,,,,,
"LINESTRING (209.9509 2.52343, 209.71201 2.96953)",polyline,2889-5306,,,,,,,
"LINESTRING (33.35564999999997 4.41978, 33.70292999999998 4.12551)",polyline,2890-4160,,,,,,,
"LINESTRING (142.87897 3.01018, 142.68816 2.64317)",polyline,2897-8362,,,,,,,
"LINESTRING (47.25583999999998 -31.90103, 46.90274999999997 -31.61727)",polyline,2899-5540,,,,,,,
"LINESTRING (28.751170000000002 45.6304, 28.59199000000001 46.14493)",polyline,2902-3748,,,,,,,
"LINESTRING (123.26364999999998 -29.88412, 123.38893999999999 -29.53865)",polyline,2904-6084,,,,,,,
"LINESTRING (247.59819 -6.30358, 247.30292 -5.9935)",polyline,2914-3300,,,,,,,
"LINESTRING (209.13049 22.1868, 208.78053 22.01954)",polyline,2916-6240,,,,,,,
"LINESTRING (351.02686 25.52852, 350.957 25.03514)",polyline,2927-5882,,,,,,,
"LINESTRING (257.59314 22.68459, 257.50351 22.23507)",polyline,2937-6262,,,,,,,
"LINESTRING (23.377580000000023 39.5587, 23.414260000000013 39.93161)",polyline,2963-5012,,,,,,,
"LINESTRING (23.377580000000023 39.5587, 23.938570000000027 39.7079)",polyline,2963-6097,,,,,,,
"LINESTRING (214.43016 35.62975, 214.94994 35.85258)",polyline,2969-6008,,,,,,,
"LINESTRING (46.33882 -2.4262, 46.131489999999985 -2.68459)",polyline,2975-4131,,,,,,,
"LINESTRING (303.61447 48.00207, 304.01309 48.3222)",polyline,2976-7674,,,,,,,
"LINESTRING (313.12708 21.61474, 313.12421 22.02362)",polyline,2986-4837,,,,,,,
"LINESTRING (139.88319 -30.14068, 140.39684 -29.89237)",polyline,2990-4429,,,,,,,
"LINESTRING (194.65437 40.83294, 194.77577 40.49746)",polyline,2994-4063,,,,,,,
"LINESTRING (118.14844 -9.45818, 117.81105 -9.16004)",polyline,2997-7276,,,,,,,
"LINESTRING (118.14844 -9.45818, 118.09971000000002 -9.928)",polyline,2997-8633,,,,,,,
"LINESTRING (314.36218 -4.04408, 314.23343 -4.24421)",polyline,3002-7630,,,,,,,
"LINESTRING (220.39592 55.92563, 220.11176 56.45605)",polyline,3004-3009,,,,,,,
"LINESTRING (163.32877 50.49404, 163.06215 51.00698)",polyline,3021-3436,,,,,,,
"LINESTRING (356.09842 26.5631, 356.22556 26.85333)",polyline,3022-8615,,,,,,,
"LINESTRING (175.40906 17.00781, 175.08771 17.38516)",polyline,3052-3064,,,,,,,
"LINESTRING (180.17047 -56.1153, 179.71146 -56.57763)",polyline,3062-3325,,,,,,,
"LINESTRING (175.08771 17.38516, 175.13126 17.76875)",polyline,3064-4648,,,,,,,
"LINESTRING (316.62335 10.49899, 316.52252 10.81712)",polyline,3074-6000,,,,,,,
"LINESTRING (263.1257 3.72043, 262.67279 3.73282)",polyline,3075-6838,,,,,,,
"LINESTRING (227.65369 4.69746, 227.22559 4.666)",polyline,3076-8518,,,,,,,
"LINESTRING (343.69073 -45.44236, 343.69879 -45.83168)",polyline,3113-7851,,,,,,,
"LINESTRING (81.56537000000003 -19.09246, 81.88058000000001 -19.33827)",polyline,3114-3606,,,,,,,
"LINESTRING (194.71391 39.65472, 194.28323 39.36638)",polyline,3115-4042,,,,,,,
"LINESTRING (245.10455 2.37858, 245.03384 2.83535)",polyline,3118-5147,,,,,,,
"LINESTRING (140.45802 3.12719, 140.41998 3.54029)",polyline,3120-7949,,,,,,,
"LINESTRING (170.14844 -0.14844, 169.91719 0.17089)",polyline,3157-7867,,,,,,,
"LINESTRING (268.07855 11.89032, 267.85312 12.19385)",polyline,3170-3311,,,,,,,
"LINESTRING (281.72015 11.80748, 281.4823 12.22266)",polyline,3182-4092,,,,,,,
"LINESTRING (112.72079 -31.16413, 112.19614000000001 -31.14408)",polyline,3196-3799,,,,,,,
"LINESTRING (253.69531 -4.74219, 253.81914 -5.09232)",polyline,3215-8025,,,,,,,
"LINESTRING (197.89806 26.86234, 197.58449 26.94233)",polyline,3225-7555,,,,,,,
"LINESTRING (186.94756 1.8849, 187.19736 1.59772)",polyline,3239-7791,,,,,,,
"LINESTRING (247.3441 -16.81076, 246.99796 -16.55108)",polyline,3243-7007,,,,,,,
"LINESTRING (209.6964 3.8358, 209.36449 3.60159)",polyline,3248-7850,,,,,,,
"LINESTRING (140.05621 -59.07281, 140.65982 -59.3333)",polyline,3261-3580,,,,,,,
"LINESTRING (242.3028 -1.59267, 242.57689 -1.17272)",polyline,3265-3511,,,,,,,
"LINESTRING (253.72514 -0.08807, 254.00351 0.19351)",polyline,3266-8249,,,,,,,
"LINESTRING (209.33133 1.39415, 209.27872 1.08057)",polyline,3269-3916,,,,,,,
"LINESTRING (209.33133 1.39415, 208.8792 1.39363)",polyline,3269-5884,,,,,,,
"LINESTRING (38.539060000000006 21.07589, 38.61011000000002 21.53387)",polyline,3274-3618,,,,,,,
"LINESTRING (181.19662 -3.87072, 181.3447 -4.25094)",polyline,3275-7366,,,,,,,
"LINESTRING (181.19662 -3.87072, 180.84773 -4.17777)",polyline,3275-7997,,,,,,,
"LINESTRING (135.9185 44.50189, 135.93355 44.90237)",polyline,3285-6798,,,,,,,
"LINESTRING (279.43158 11.35942, 279.04471 11.57268)",polyline,3296-5635,,,,,,,
"LINESTRING (177.52391 14.00377, 177.32812 13.70871)",polyline,3306-7189,,,,,,,
"LINESTRING (161.75977 -10.99272, 162.04274 -11.17992)",polyline,3309-3950,,,,,,,
"LINESTRING (267.85312 12.19385, 267.71265 12.55542)",polyline,3311-5600,,,,,,,
"LINESTRING (222.72987 31.8083, 223.10797 32.03773)",polyline,3314-5454,,,,,,,
"LINESTRING (184.06583 -29.63192, 184.354 -29.83911)",polyline,3319-3440,,,,,,,
"LINESTRING (317.94882 22.83901, 318.38116 22.73307)",polyline,3323-4015,,,,,,,
"LINESTRING (175.32178 -51.58535, 175.08121 -51.30267)",polyline,3324-3630,,,,,,,
"LINESTRING (210.03824 22.94765, 209.62212 23.14023)",polyline,3364-8783,,,,,,,
"LINESTRING (108.19491 12.76027, 107.74227000000002 12.5091)",polyline,3368-3423,,,,,,,
"LINESTRING (191.39816 22.09519, 191.08298 21.75591)",polyline,3376-8641,,,,,,,
"LINESTRING (227.48792 5.2837, 227.74992 5.55523)",polyline,3381-7952,,,,,,,
"LINESTRING (54.16741999999999 -56.03251, 54.863549999999975 -56.21924)",polyline,3384-7230,,,,,,,
"LINESTRING (86.88078999999999 -9.29384, 87.08665000000002 -9.69548)",polyline,3385-4356,,,,,,,
"LINESTRING (1.9231100000000083 22.94868, 1.7213100000000168 23.41684)",polyline,3405-4566,,,,,,,
"LINESTRING (137.5932 -8.11112, 137.22108 -7.98672)",polyline,3419-6394,,,,,,,
"LINESTRING (87.79888 -9.72076, 87.62090999999998 -9.34104)",polyline,3439-6020,,,,,,,
"LINESTRING (141.95457 -18.60445, 141.60593 -18.50424)",polyline,3453-4301,,,,,,,
"LINESTRING (141.95457 -18.60445, 142.2906 -18.72261)",polyline,3453-5565,,,,,,,
"LINESTRING (45.52593000000002 21.27517, 45.238200000000006 21.3446)",polyline,3469-4842,,,,,,,
"LINESTRING (143.0883 -22.63895, 143.26714 -22.1895)",polyline,3470-4358,,,,,,,
"LINESTRING (143.0883 -22.63895, 143.47701 -22.86381)",polyline,3470-8344,,,,,,,
"LINESTRING (198.88747 -2.44187, 198.95586 -2.92367)",polyline,3472-4052,,,,,,,
"LINESTRING (61.37335999999999 44.48739, 61.970349999999996 44.44306)",polyline,3482-6205,,,,,,,
"LINESTRING (248.00214 9.05753, 247.92188 9.5)",polyline,3492-7308,,,,,,,
"LINESTRING (91.65616 -35.75003, 91.48653999999999 -36.13701)",polyline,3497-8724,,,,,,,
"LINESTRING (256.33536 -13.99299, 256.51959 -14.29697)",polyline,3500-7174,,,,,,,
"LINESTRING (201.72359 8.73406, 201.79369 9.15455)",polyline,3512-4495,,,,,,,
"LINESTRING (231.31592 0.52664, 230.92236 0.26734)",polyline,3521-5189,,,,,,,
"LINESTRING (345.09378 22.00648, 344.83804 22.4151)",polyline,3538-6612,,,,,,,
"LINESTRING (245.78151 -0.5527, 245.28378 -0.43781)",polyline,3540-4220,,,,,,,
"LINESTRING (43.57670999999999 -23.55891, 43.78208000000001 -23.87146)",polyline,3548-4320,,,,,,,
"LINESTRING (334.81207 32.09512, 335.27243 32.37141)",polyline,3567-4359,,,,,,,
"LINESTRING (227.74675 2.353, 227.3082 2.6038)",polyline,3569-4555,,,,,,,
"LINESTRING (238.82233 -24.51294, 238.60461 -24.21635)",polyline,3575-5084,,,,,,,
"LINESTRING (140.65982 -59.3333, 141.2675 -59.67325)",polyline,3580-3802,,,,,,,
"LINESTRING (169.44118 -57.21511, 168.8287 -57.3361)",polyline,3605-4121,,,,,,,
"LINESTRING (251.9995 3.33735, 252.12823 2.93052)",polyline,3608-8110,,,,,,,
"LINESTRING (206.07817 26.84324, 205.59123 26.6919)",polyline,3614-5160,,,,,,,
"LINESTRING (38.61011000000002 21.53387, 38.202650000000006 21.67609)",polyline,3618-8191,,,,,,,
"LINESTRING (175.08121 -51.30267, 175.09119 -51.0873)",polyline,3630-8298,,,,,,,
"LINESTRING (2.887459999999976 -22.92122, 3.144040000000018 -23.25128)",polyline,3642-5805,,,,,,,
"LINESTRING (2.887459999999976 -22.92122, 2.856870000000015 -22.59071)",polyline,3642-7560,,,,,,,
"LINESTRING (274.52637 47.29656, 275.21582 47.27655)",polyline,3644-4222,,,,,,,
"LINESTRING (259.30768 -25.97945, 259.72501 -26.07626)",polyline,3645-4608,,,,,,,
"LINESTRING (139.07872 -29.3266, 138.5593 -29.273)",polyline,3653-6809,,,,,,,
"LINESTRING (27.671730000000025 27.65531, 27.434829999999977 27.29836)",polyline,3667-7475,,,,,,,
"LINESTRING (128.53194 -17.38017, 128.97574 -17.56381)",polyline,3675-4075,,,,,,,
"LINESTRING (6.058420000000012 25.57205, 5.64609999999999 25.31256)",polyline,3677-6692,,,,,,,
"LINESTRING (266.19867 14.58762, 266.57571 14.33782)",polyline,3690-7090,,,,,,,
"LINESTRING (334.75546 7.95462, 334.47519 7.54021)",polyline,3711-3938,,,,,,,
"LINESTRING (284.96552 -4.8683, 284.97656 -5.10156)",polyline,3718-4723,,,,,,,
"LINESTRING (331.79614 46.30741, 332.146 45.95562)",polyline,3726-5166,,,,,,,
"LINESTRING (331.79614 46.30741, 332.03091 46.45504)",polyline,3726-6451,,,,,,,
"LINESTRING (2.0345100000000116 9.731, 2.384360000000015 10.00646)",polyline,3754-6054,,,,,,,
"LINESTRING (60.395460000000014 23.8094, 60.14420999999999 23.58523)",polyline,3759-8807,,,,,,,
"LINESTRING (207.99757 -52.34794, 207.47693 -52.41145)",polyline,3776-7908,,,,,,,
"LINESTRING (255.26012 -2.00157, 255.24956 -2.36272)",polyline,3794-6235,,,,,,,
"LINESTRING (185.31784 -3.30546, 185.64282 -3.13696)",polyline,3801-8134,,,,,,,
"LINESTRING (47.29766000000001 -45.29009, 46.86304000000001 -45.53712)",polyline,3808-7427,,,,,,,
"LINESTRING (262.19623 37.75574, 262.45187 38.09866)",polyline,3813-6951,,,,,,,
"LINESTRING (284.72995 4.10727, 284.73767 3.81818)",polyline,3818-8521,,,,,,,
"LINESTRING (208.51379 -56.27458, 208.64082 -55.8638)",polyline,3822-4266,,,,,,,
"LINESTRING (47.303139999999985 22.12452, 47.77615000000003 22.2066)",polyline,3829-5545,,,,,,,
"LINESTRING (283.1319 53.07945, 283.11356 53.37514)",polyline,3836-4336,,,,,,,
"LINESTRING (247.69881 -0.04781, 247.34634 0.14453)",polyline,3842-6755,,,,,,,
"LINESTRING (293.29044 10.56796, 292.8313 10.78906)",polyline,3860-4087,,,,,,,
"LINESTRING (350.06558 -21.10195, 350.14209 -20.70255)",polyline,3866-6145,,,,,,,
"LINESTRING (295.16574 39.06197, 294.64719 39.16416)",polyline,3877-8570,,,,,,,
"LINESTRING (326.75317 39.26086, 326.50967 38.89689)",polyline,3880-4548,,,,,,,
"LINESTRING (257.50397 -26.64569, 257.51157 -26.33839)",polyline,3881-6188,,,,,,,
"LINESTRING (208.68494 38.36041, 208.46162 37.97798)",polyline,3883-4397,,,,,,,
"LINESTRING (35.73644999999999 21.6847, 35.907219999999995 22.11864)",polyline,3908-5456,,,,,,,
"LINESTRING (35.73644999999999 21.6847, 35.38290999999998 21.99071)",polyline,3908-5532,,,,,,,
"LINESTRING (334.29492 2.48413, 334.10431 2.88946)",polyline,3911-5623,,,,,,,
"LINESTRING (254.80136 -10.55774, 254.44498 -10.7865)",polyline,3914-4601,,,,,,,
"LINESTRING (145.3777 52.67733, 145.37363 53.14139)",polyline,3919-4753,,,,,,,
"LINESTRING (206.00565 12.67462, 206.34476 12.37538)",polyline,3926-7374,,,,,,,
"LINESTRING (161.31523 36.1334, 161.70467 36.1929)",polyline,3929-7520,,,,,,,
"LINESTRING (118.83946 36.18129, 118.58118000000002 35.8319)",polyline,3944-4613,,,,,,,
"LINESTRING (247.52153 -13.06796, 247.7942 -13.38253)",polyline,3954-7461,,,,,,,
"LINESTRING (325.05569 31.34205, 325.25119 31.0629)",polyline,3960-6437,,,,,,,
"LINESTRING (327.49445 -9.9559, 327.81595 -10.30694)",polyline,4000-4811,,,,,,,
"LINESTRING (44.80957000000001 21.22036, 45.238200000000006 21.3446)",polyline,4002-4842,,,,,,,
"LINESTRING (125.60651000000001 3.90813, 125.95060999999998 3.89007)",polyline,4003-4522,,,,,,,
"LINESTRING (231.08128 3.86986, 231.38248 3.58223)",polyline,4010-7882,,,,,,,
"LINESTRING (11.967429999999979 36.84291, 11.621129999999994 37.19268)",polyline,4033-5192,,,,,,,
"LINESTRING (171.42671 30.85811, 171.32738 31.14081)",polyline,4055-6647,,,,,,,
"LINESTRING (206.49622 16.47877, 206.13103 16.75603)",polyline,4056-5861,,,,,,,
"LINESTRING (156.22853 24.80708, 156.12636 24.47624)",polyline,4106-8354,,,,,,,
"LINESTRING (1.3498200000000224 25.67239, 1.2444300000000226 26.02167)",polyline,4120-8739,,,,,,,
"LINESTRING (173.82426 40.60199, 173.52614 40.28268)",polyline,4125-4570,,,,,,,
"LINESTRING (197.87892 40.64357, 197.89059 40.21105)",polyline,4132-4553,,,,,,,
"LINESTRING (239.71695 -5.08923, 239.77185 -4.77301)",polyline,4144-6009,,,,,,,
"LINESTRING (176.09775 27.36538, 176.57063 27.17397)",polyline,4147-4838,,,,,,,
"LINESTRING (215.327 35.65781, 214.94994 35.85258)",polyline,4167-6008,,,,,,,
"LINESTRING (330.8913 -12.35105, 330.51978 -12.187)",polyline,4168-4976,,,,,,,
"LINESTRING (245.56078 4.77455, 245.85027 4.54237)",polyline,4188-4991,,,,,,,
"LINESTRING (54.569770000000005 22.82047, 54.12993 22.64752)",polyline,4191-4470,,,,,,,
"LINESTRING (232.31339 8.52922, 232.48326 8.2687)",polyline,4203-4415,,,,,,,
"LINESTRING (136.56641 -4.40234, 136.89842 -4.17953)",polyline,4204-8051,,,,,,,
"LINESTRING (187.96976 12.34982, 187.77525 12.0029)",polyline,4212-7873,,,,,,,
"LINESTRING (230.18719 5.94551, 230.13173 5.64559)",polyline,4226-8430,,,,,,,
"LINESTRING (69.52282000000002 -10.47568, 69.61343 -10.03681)",polyline,4229-5880,,,,,,,
"LINESTRING (164.642 14.92188, 164.97911 14.69672)",polyline,4244-8068,,,,,,,
"LINESTRING (176.04765 -49.99393, 176.53357 -50.17766)",polyline,4247-7045,,,,,,,
"LINESTRING (314.61002 50.66137, 314.14566 50.58525)",polyline,4249-7843,,,,,,,
"LINESTRING (4.247149999999976 11.19183, 4.558159999999987 10.91753)",polyline,4273-8058,,,,,,,
"LINESTRING (255.85216 3.174, 255.42155 3.33344)",polyline,4288-4943,,,,,,,
"LINESTRING (114.60975000000002 -57.92083, 114.85236 -58.05756)",polyline,4294-5945,,,,,,,
"LINESTRING (222.35472 36.56914, 222.19368 36.94549)",polyline,4296-4986,,,,,,,
"LINESTRING (163.32445 -13.35637, 163.68649 -13.15456)",polyline,4307-7552,,,,,,,
"LINESTRING (26.58488 20.20216, 26.44382999999999 20.4233)",polyline,4308-7810,,,,,,,
"LINESTRING (274.9696 34.84227, 274.54095 34.75823)",polyline,4310-7970,,,,,,,
"LINESTRING (303.84167 2.03987, 304.09341 1.89124)",polyline,4380-5038,,,,,,,
"LINESTRING (284.71893 6.90606, 284.73975 7.18035)",polyline,4399-4893,,,,,,,
"LINESTRING (42.01310000000001 23.98923, 41.76378 23.65261)",polyline,4403-8563,,,,,,,
"LINESTRING (47.03656000000001 -29.94956, 47.05264999999997 -29.65365)",polyline,4404-4666,,,,,,,
"LINESTRING (342.63763 40.14326, 342.8147 39.73783)",polyline,4409-5207,,,,,,,
"LINESTRING (189.46954 -22.2746, 189.84496 -22.3558)",polyline,4410-7221,,,,,,,
"LINESTRING (108.09105 46.92622, 108.65098999999998 46.86738)",polyline,4419-6119,,,,,,,
"LINESTRING (108.09105 46.92622, 108.18126999999998 46.58395)",polyline,4419-8120,,,,,,,
"LINESTRING (331.68457 9.48568, 331.74826 9.05748)",polyline,4430-8154,,,,,,,
"LINESTRING (286.32474 -3.81029, 286.21838 -4.10697)",polyline,4431-5998,,,,,,,
"LINESTRING (170.25752 31.35451, 169.81625 31.33091)",polyline,4436-8241,,,,,,,
"LINESTRING (186.30228 3.84069, 186.37814 4.24301)",polyline,4442-7740,,,,,,,
"LINESTRING (252.95889 -13.80079, 252.6657 -13.58615)",polyline,4444-7868,,,,,,,
"LINESTRING (60.116330000000005 -50.12927, 59.71895999999998 -49.84241)",polyline,4453-4707,,,,,,,
"LINESTRING (229.04018 7.51854, 228.93713 7.7936)",polyline,4459-6244,,,,,,,
"LINESTRING (86.62685999999997 -51.00512, 86.06407999999999 -51.26842)",polyline,4480-7183,,,,,,,
"LINESTRING (206.09409 -38.99468, 206.58655 -38.76979)",polyline,4484-6389,,,,,,,
"LINESTRING (145.47485 37.58668, 145.74791 37.94133)",polyline,4485-5213,,,,,,,
"LINESTRING (319.65436 47.96567, 319.39099 47.59127)",polyline,4493-5876,,,,,,,
"LINESTRING (281.75299 6.49382, 281.33206 6.41172)",polyline,4505-5057,,,,,,,
"LINESTRING (217.93317 13.69743, 218.42085 13.69584)",polyline,4527-4575,,,,,,,
"LINESTRING (217.93317 13.69743, 217.64409 13.61689)",polyline,4527-7504,,,,,,,
"LINESTRING (129.35185 -13.88159, 129.36079 -13.6444)",polyline,4529-7700,,,,,,,
"LINESTRING (269.19672 -25.30368, 268.8913 -25.13092)",polyline,4532-4729,,,,,,,
"LINESTRING (218.42085 13.69584, 218.61026 13.34817)",polyline,4575-7161,,,,,,,
"LINESTRING (147.68829 -21.51188, 148.13622 -21.55385)",polyline,4584-5230,,,,,,,
"LINESTRING (251.96339 52.0437, 252.49948 52.26903)",polyline,4604-6897,,,,,,,
"LINESTRING (88.98759000000001 53.84922, 89.58523000000002 54.06174)",polyline,4655-7157,,,,,,,
"LINESTRING (333.13489 -31.03408, 333.58246 -30.96692)",polyline,4671-7764,,,,,,,
"LINESTRING (113.35538 34.22432, 113.69825 34.01137)",polyline,4714-7833,,,,,,,
"LINESTRING (190.66814 -40.86311, 190.87675 -41.13478)",polyline,4752-5868,,,,,,,
"LINESTRING (145.37363 53.14139, 145.03615 53.50417)",polyline,4753-8619,,,,,,,
"LINESTRING (253.60779 45.65759, 253.16658 45.5579)",polyline,4765-7029,,,,,,,
"LINESTRING (271.6601 47.54465, 271.57071 47.92011)",polyline,4792-5056,,,,,,,
"LINESTRING (253.9892 -12.39707, 254.13899 -12.83056)",polyline,4797-5448,,,,,,,
"LINESTRING (327.81595 -10.30694, 328.25247 -10.34003)",polyline,4811-5993,,,,,,,
"LINESTRING (327.81595 -10.30694, 328.09402 -9.96008)",polyline,4811-6470,,,,,,,
"LINESTRING (286.4003 -4.71294, 286.42126 -4.52224)",polyline,4821-7472,,,,,,,
"LINESTRING (328.2056 -2.47834, 328.56677 -2.32722)",polyline,4849-4961,,,,,,,
"LINESTRING (268.59973 14.52147, 268.4509 14.90843)",polyline,4858-4947,,,,,,,
"LINESTRING (144.3004 -18.71759, 144.26466 -18.95056)",polyline,4873-6946,,,,,,,
"LINESTRING (34.67570999999998 32.52741, 34.452920000000006 32.27572)",polyline,4878-8480,,,,,,,
"LINESTRING (280.65054 11.56706, 281.09091 11.65767)",polyline,4890-6233,,,,,,,
"LINESTRING (151.88522 -7.11839, 152.07581 -7.36963)",polyline,4905-7015,,,,,,,
"LINESTRING (283.18765 19.50285, 282.80728 19.28646)",polyline,4954-7540,,,,,,,
"LINESTRING (193.41164 -6.08859, 193.58591 -5.76761)",polyline,4956-7623,,,,,,,
"LINESTRING (144.88625 13.00219, 144.75781 12.83301)",polyline,4962-5686,,,,,,,
"LINESTRING (25.766770000000008 21.59685, 26.00639000000001 21.24483)",polyline,4966-6382,,,,,,,
"LINESTRING (25.766770000000008 21.59685, 26.183659999999975 21.56899)",polyline,4966-7468,,,,,,,
"LINESTRING (187.59668 -34.4414, 187.62231 -34.02778)",polyline,4970-5164,,,,,,,
"LINESTRING (291.0795 37.78103, 291.51471 37.55083)",polyline,4972-5795,,,,,,,
"LINESTRING (330.51978 -12.187, 330.51938 -11.88954)",polyline,4976-6972,,,,,,,
"LINESTRING (198.8732 0.08233, 198.58368 0.20966)",polyline,4977-8401,,,,,,,
"LINESTRING (34.85591999999997 37.9483, 35.36225999999999 38.01737)",polyline,5016-7405,,,,,,,
"LINESTRING (291.42035 44.91934, 291.245 44.6595)",polyline,5019-7670,,,,,,,
"LINESTRING (267.34149 22.16815, 267.74176 22.12509)",polyline,5023-6507,,,,,,,
"LINESTRING (89.29201999999998 -16.23376, 88.85491000000002 -16.31003)",polyline,5141-6792,,,,,,,
"LINESTRING (281.78137 55.92964, 281.19373 56.05734)",polyline,5148-8683,,,,,,,
"LINESTRING (187.62231 -34.02778, 187.68289 -33.81438)",polyline,5164-8527,,,,,,,
"LINESTRING (181.88235 -21.33214, 181.8696 -21.77573)",polyline,5184-5745,,,,,,,
"LINESTRING (201.46754 -4.93982, 201.46094 -4.77604)",polyline,5187-5568,,,,,,,
"LINESTRING (294.40872 48.37855, 294.9371 48.126)",polyline,5195-6734,,,,,,,
"LINESTRING (339.90601 44.98591, 340.18234 45.28537)",polyline,5211-8127,,,,,,,
"LINESTRING (252.45871 26.32299, 252.81648 26.03289)",polyline,5214-7059,,,,,,,
"LINESTRING (94.9153 -54.48321, 95.13985000000002 -54.14295)",polyline,5250-5327,,,,,,,
"LINESTRING (154.87434 -29.4451, 154.89511 -29.68028)",polyline,5260-7017,,,,,,,
"LINESTRING (54.916740000000004 3.0663, 54.604840000000024 3.25038)",polyline,5287-6781,,,,,,,
"LINESTRING (66.94072 44.21455, 66.65566000000001 44.00838)",polyline,5293-6101,,,,,,,
"LINESTRING (132.80458 -49.4072, 132.56107 -49.042)",polyline,5317-6790,,,,,,,
"LINESTRING (201.17226 14.55026, 201.17776 14.91353)",polyline,5328-7348,,,,,,,
"LINESTRING (80.1628 -40.71721, 79.62612000000001 -40.77328)",polyline,5332-7614,,,,,,,
"LINESTRING (36.52605 -59.03152, 37.26211000000001 -59.1401)",polyline,5346-8182,,,,,,,
"LINESTRING (206.52446 -36.24228, 206.10126 -36.48042)",polyline,5372-6219,,,,,,,
"LINESTRING (61.81855999999999 21.72584, 62.17714000000001 21.49426)",polyline,5390-5960,,,,,,,
"LINESTRING (314.67978 5.8346, 314.87823 6.19666)",polyline,5401-6314,,,,,,,
"LINESTRING (157.31516 33.25338, 157.0275 32.99067)",polyline,5419-7880,,,,,,,
"LINESTRING (342.5791 31.83327, 342.09863 31.78159)",polyline,5425-6125,,,,,,,
"LINESTRING (217.39644 -25.46532, 217.35033 -25.05304)",polyline,5430-7921,,,,,,,
"LINESTRING (7.766889999999989 46.6828, 7.527739999999994 46.48925)",polyline,5439-7066,,,,,,,
"LINESTRING (254.13899 -12.83056, 254.0943 -13.17653)",polyline,5448-8418,,,,,,,
"LINESTRING (215.99274 -49.79765, 216.26694 -50.08367)",polyline,5491-7254,,,,,,,
"LINESTRING (214.85123 14.48345, 214.6608 14.80478)",polyline,5526-5561,,,,,,,
"LINESTRING (100.71217000000001 -11.75761, 100.66302999999999 -11.37822)",polyline,5536-7616,,,,,,,
"LINESTRING (29.685979999999972 -24.1885, 29.851440000000025 -23.96121)",polyline,5554-6518,,,,,,,
"LINESTRING (201.78174 13.74891, 201.63437 14.03956)",polyline,5558-6255,,,,,,,
"LINESTRING (115.66012999999998 40.06469, 115.57569999999998 39.64573)",polyline,5569-5740,,,,,,,
"LINESTRING (45.108630000000005 47.33354, 44.59285999999997 47.53677)",polyline,5572-8169,,,,,,,
"LINESTRING (282.98981 20.86101, 282.94458 21.09758)",polyline,5581-6056,,,,,,,
"LINESTRING (268.39032 9.5197, 268.48212 9.24121)",polyline,5604-5775,,,,,,,
"LINESTRING (183.75163 -0.63876, 183.63892 -0.78493)",polyline,5618-8361,,,,,,,
"LINESTRING (334.10431 2.88946, 333.70834 2.89897)",polyline,5623-8097,,,,,,,
"LINESTRING (152.15541 28.51389, 151.87251 28.85158)",polyline,5624-6159,,,,,,,
"LINESTRING (40.98505 -13.94824, 41.33258999999998 -13.79626)",polyline,5661-8629,,,,,,,
"LINESTRING (1.6201399999999921 -23.58254, 1.895399999999995 -23.30827)",polyline,5672-6854,,,,,,,
"LINESTRING (279.2168 -6.02755, 278.85294 -6.0542)",polyline,5734-6569,,,,,,,
"LINESTRING (223.29543 22.01487, 223.00514 22.2551)",polyline,5762-8740,,,,,,,
"LINESTRING (341.23038 31.43981, 341.42651 31.06494)",polyline,5774-6888,,,,,,,
"LINESTRING (119.77429000000001 34.3706, 119.30326 34.18228)",polyline,5776-5904,,,,,,,
"LINESTRING (89.59271000000001 -25.23996, 89.18703 -25.23228)",polyline,5802-7709,,,,,,,
"LINESTRING (344.18271 47.05317, 343.71515 46.8007)",polyline,5852-7989,,,,,,,
"LINESTRING (133.36659 -28.28897, 132.98164 -28.17951)",polyline,5899-6906,,,,,,,
"LINESTRING (192.72726 -6.78587, 192.51288 -6.97511)",polyline,5900-8590,,,,,,,
"LINESTRING (110.95951 54.03661, 111.63996 54.12478)",polyline,5916-6701,,,,,,,
"LINESTRING (97.00995999999998 -24.78636, 96.86021 -24.5028)",polyline,5925-6371,,,,,,,
"LINESTRING (278.04514 3.00193, 278.14285 3.38951)",polyline,5963-8320,,,,,,,
"LINESTRING (182.52818 58.64406, 182.20598 59.03051)",polyline,5965-6545,,,,,,,
"LINESTRING (74.6123 -52.03539, 74.61986999999999 -51.70698)",polyline,5967-6940,,,,,,,
"LINESTRING (228.34589 -9.71875, 228.62189 -9.7)",polyline,5968-7243,,,,,,,
"LINESTRING (71.50691 13.1508, 71.27494999999999 12.99225)",polyline,5975-8459,,,,,,,
"LINESTRING (328.25247 -10.34003, 328.09402 -9.96008)",polyline,5993-6470,,,,,,,
"LINESTRING (116.49833000000001 -22.1251, 116.77706 -22.25824)",polyline,5999-7577,,,,,,,
"LINESTRING (190.74757 -39.36869, 191.19914 -39.42273)",polyline,6058-8649,,,,,,,
"LINESTRING (207.12019 -52.06296, 207.47693 -52.41145)",polyline,6064-7908,,,,,,,
"LINESTRING (23.938570000000027 39.7079, 23.96857 39.3638)",polyline,6097-6920,,,,,,,
"LINESTRING (137.01402 -7.72592, 137.22108 -7.98672)",polyline,6106-6394,,,,,,,
"LINESTRING (158.43701 -9.89697, 158.45815 -10.20536)",polyline,6122-7301,,,,,,,
"LINESTRING (332.42896 9.13088, 332.7648 9.1956)",polyline,6213-7732,,,,,,,
"LINESTRING (255.24956 -2.36272, 254.87714 -2.41073)",polyline,6235-7635,,,,,,,
"LINESTRING (155.70139 -22.62609, 155.53745 -22.44116)",polyline,6247-6496,,,,,,,
"LINESTRING (312.91681 43.52943, 312.43527 43.62513)",polyline,6254-6968,,,,,,,
"LINESTRING (278.19363 17.44188, 278.07211 17.64649)",polyline,6289-8275,,,,,,,
"LINESTRING (311.40228 14.07451, 311.34537 13.90486)",polyline,6307-6802,,,,,,,
"LINESTRING (177.21088 24.01165, 176.82111 23.8806)",polyline,6308-6756,,,,,,,
"LINESTRING (118.49151999999998 45.61155, 119.01803999999998 45.70402)",polyline,6358-8723,,,,,,,
"LINESTRING (26.00639000000001 21.24483, 26.183659999999975 21.56899)",polyline,6382-7468,,,,,,,
"LINESTRING (0.0876799999999776 40.1768, 0.085329999999999 40.165)",polyline,6396-8065,,,,,,,
"LINESTRING (69.38783999999998 43.43597, 69.88983999999999 43.56513)",polyline,6517-8407,,,,,,,
"LINESTRING (250.23479 -17.99857, 250.33519 -18.31063)",polyline,6525-7072,,,,,,,
"LINESTRING (276.62381 26.23433, 276.87601 25.97309)",polyline,6532-6849,,,,,,,
"LINESTRING (38.81238999999999 8.36708, 38.99622999999997 8.03613)",polyline,6549-7103,,,,,,,
"LINESTRING (274.10538 -41.37652, 274.61084 -41.28954)",polyline,6564-8352,,,,,,,
"LINESTRING (192.89622 40.11768, 192.45003 39.92116)",polyline,6580-7772,,,,,,,
"LINESTRING (142.31528 2.59179, 142.68816 2.64317)",polyline,6608-8362,,,,,,,
"LINESTRING (345.16528 -41.98273, 344.72525 -41.95283)",polyline,6615-7645,,,,,,,
"LINESTRING (119.31234 0.34173, 119.08312999999998 0.5275)",polyline,6631-7359,,,,,,,
"LINESTRING (325.74408 38.53717, 325.28293 38.55778)",polyline,6643-8364,,,,,,,
"LINESTRING (242.56621 47.35997, 243.09073 47.52247)",polyline,6686-7565,,,,,,,
"LINESTRING (210.478 22.4451, 210.09007 22.44924)",polyline,6727-7022,,,,,,,
"LINESTRING (134.84222 -43.53984, 135.16106 -43.62011)",polyline,6745-7296,,,,,,,
"LINESTRING (86.02814999999998 54.29969, 85.75887999999998 54.18718)",polyline,6769-7148,,,,,,,
"LINESTRING (80.72879 -24.03148, 80.47841 -23.82827)",polyline,6786-8292,,,,,,,
"LINESTRING (194.8399 4.54, 195.08348 4.69756)",polyline,6803-8114,,,,,,,
"LINESTRING (77.78917999999999 -32.35679, 77.46949999999998 -32.2216)",polyline,6865-8709,,,,,,,
"LINESTRING (211.32832 -10.32663, 211.21848 -10.64575)",polyline,6955-7489,,,,,,,
"LINESTRING (171.98212 1.47102, 171.80704 1.18203)",polyline,7039-8125,,,,,,,
"LINESTRING (171.98212 1.47102, 172.21349 1.73269)",polyline,7039-8551,,,,,,,
"LINESTRING (14.768529999999998 -9.82857, 14.631019999999978 -9.55438)",polyline,7047-8778,,,,,,,
"LINESTRING (281.73889 10.85205, 282.11349 10.79785)",polyline,7071-7431,,,,,,,
"LINESTRING (117.44200000000001 -0.56673, 117.81684999999999 -0.62968)",polyline,7095-7845,,,,,,,
"LINESTRING (218.61026 13.34817, 218.40631 13.10709)",polyline,7161-8028,,,,,,,
"LINESTRING (192.7681 53.89135, 193.30457 53.67111)",polyline,7172-7275,,,,,,,
"LINESTRING (171.63834 0.96553, 171.80704 1.18203)",polyline,7228-8125,,,,,,,
"LINESTRING (27.842829999999992 -18.3268, 27.495949999999993 -18.37943)",polyline,7242-7538,,,,,,,
"LINESTRING (27.842829999999992 -18.3268, 27.72586000000001 -17.97369)",polyline,7242-8019,,,,,,,
"LINESTRING (38.97923000000003 22.71162, 39.27424000000002 22.50737)",polyline,7310-8452,,,,,,,
"LINESTRING (248.47673 -14.15447, 248.77219 -13.95877)",polyline,7449-7855,,,,,,,
"LINESTRING (156.32434 18.93312, 156.47836 18.59824)",polyline,7493-7954,,,,,,,
"LINESTRING (165.1162 35.5585, 164.85812 35.54609)",polyline,7501-7803,,,,,,,
"LINESTRING (168.44302 34.69752, 168.02934 34.62777)",polyline,7545-7825,,,,,,,
"LINESTRING (10.920889999999986 22.39466, 10.625279999999975 22.44451)",polyline,7585-8645,,,,,,,
"LINESTRING (275.88727 14.45808, 275.94116 14.17187)",polyline,7612-8313,,,,,,,
"LINESTRING (118.30171999999999 2.64772, 117.94105000000002 2.68387)",polyline,7705-8653,,,,,,,
"LINESTRING (275.91702 25.84094, 275.64987 25.95461)",polyline,7710-7978,,,,,,,
"LINESTRING (194.9668 18.89453, 195.28583 19.02718)",polyline,7760-8035,,,,,,,
"LINESTRING (117.79506 2.43773, 117.94105000000002 2.68387)",polyline,7990-8653,,,,,,,
"LINESTRING (252.40041 5.04493, 252.13618 5.23482)",polyline,7998-8015,,,,,,,
"LINESTRING (274.57578 -41.0104, 274.61084 -41.28954)",polyline,8082-8352,,,,,,,
"LINESTRING (205.76669 41.67023, 205.54604 41.97272)",polyline,8167-8578,,,,,,,
"LINESTRING (274.61084 -41.28954, 274.62378 -41.66984)",polyline,8352-8358,,,,,,,
"LINESTRING (53.87272999999999 21.99842, 53.4939 22.10592)",polyline,8433-8550,,,,,,,
"LINESTRING (41.22255999999999 19.02324, 41.539060000000006 19.17969)",polyline,8519-8533,,,,,,,
